{"cameraMode":{"drawMode":0,"name":"Shaded","section":"Shading Mode"},"sceneLighting":true,"audioPlay":false,"sceneViewState":{"m_AlwaysRefresh":false,"showFog":true,"showSkybox":true,"showFlares":true,"showImageEffects":true,"showParticleSystems":true,"showVisualEffectGraphs":true,"m_FxEnabled":true},"in2DMode":false,"pivot":{"x":-1.9544506072998047,"y":15.419217109680176,"z":2.483323097229004},"rotation":{"x":0.10042791813611984,"y":0.8573598861694336,"z":-0.4704931080341339,"w":0.18300576508045197},"size":1.1338320970535279,"orthographic":false}